,Frame,Head_X,Head_Y,Chest_X,Chest_Y,Shoulder_R_X,Shoulder_R_Y,Elbow_R_X,Elbow_R_Y,Wrist_R_X,Wrist_R_Y,Shoulder_L_X,Shoulder_L_Y,Elbow_L_X,Elbow_L_Y,Wrist_L_X,Wrist_L_Y,Groin_X,Groin_Y,Hip_R_X,Hip_R_Y,Knee_R_X,Knee_R_Y,Ankle_R_X,Ankle_R_Y,Hip_L_X,Hip_L_Y,Knee_L_X,Knee_L_Y,Ankle_L_X,Ankle_L_Y,Eye_R_X,Eye_R_Y,Eye_L_X,Eye_L_Y,Ear_R_X,Ear_R_Y,Ear_L_X,Ear_L_Y,Ses_L_X,Ses_L_Y,Toes_L_X,Tose_L_Y,Heel_L_X,Heel_L_Y,Ses_R_X,Ses_R_Y,Toes_R_X,Tose_R_Y,Heel_R_X,Heel_R_Y
0,0,,,,,,,,,,,,,,,,,,,,,,,,,,,,,,,,,,,,,,,,,,,,,,,,,,
1,1,,,,,,,,,,,,,,,,,,,,,,,,,,,,,,,,,,,,,,,,,,,,,,,,,,
2,2,,,,,,,,,,,,,,,,,,,,,,,,,,,,,,,,,,,,,,,,,,,,,,,,,,
3,3,,,,,,,,,,,,,,,,,,,,,,,,,,,,,,,,,,,,,,,,,,,,,,,,,,
4,4,,,,,,,,,,,,,,,,,,,,,,,,,,,,,,,,,,,,,,,,,,,,,,,,,,
5,5,,,,,,,,,,,,,,,,,,,,,,,,,,,,,,,,,,,,,,,,,,,,,,,,,,
6,6,,,,,,,,,,,,,,,,,,,,,,,,,,,,,,,,,,,,,,,,,,,,,,,,,,
7,7,,,,,,,,,,,,,,,,,,,,,,,,,,,,,,,,,,,,,,,,,,,,,,,,,,
8,8,,,,,,,,,,,,,,,,,,,,,,,,,,,,,,,,,,,,,,,,,,,,,,,,,,
9,9,,,,,,,,,,,,,,,,,,,,,,,,,,,,,,,,,,,,,,,,,,,,,,,,,,
10,10,,,,,,,,,,,,,,,,,,,,,,,,,,,,,,,,,,,,,,,,,,,,,,,,,,
11,11,,,,,,,,,,,,,,,,,,,,,,,,,,,,,,,,,,,,,,,,,,,,,,,,,,
12,12,,,,,,,,,,,,,,,,,,,,,,,,,,,,,,,,,,,,,,,,,,,,,,,,,,
13,13,,,,,,,,,,,,,,,,,,,,,,,,,,,,,,,,,,,,,,,,,,,,,,,,,,
14,14,,,,,,,,,,,,,,,,,,,,,,,,,,,,,,,,,,,,,,,,,,,,,,,,,,
15,15,,,,,,,,,,,,,,,,,,,,,,,,,,,,,,,,,,,,,,,,,,,,,,,,,,
16,16,,,,,,,,,,,,,,,,,,,,,,,,,,,,,,,,,,,,,,,,,,,,,,,,,,
17,17,,,,,,,,,,,,,,,,,,,,,,,,,,,,,,,,,,,,,,,,,,,,,,,,,,
18,18,,,,,,,,,,,,,,,,,,,,,,,,,,,,,,,,,,,,,,,,,,,,,,,,,,
19,19,,,,,,,,,,,,,,,,,,,,,,,,,,,,,,,,,,,,,,,,,,,,,,,,,,
20,20,,,,,,,,,,,,,,,,,,,,,,,,,,,,,,,,,,,,,,,,,,,,,,,,,,
21,21,,,,,,,,,,,,,,,,,,,,,,,,,,,,,,,,,,,,,,,,,,,,,,,,,,
22,22,,,,,,,,,,,,,,,,,,,,,,,,,,,,,,,,,,,,,,,,,,,,,,,,,,
23,23,,,,,,,,,,,,,,,,,,,,,,,,,,,,,,,,,,,,,,,,,,,,,,,,,,
24,24,,,,,,,,,,,,,,,,,,,,,,,,,,,,,,,,,,,,,,,,,,,,,,,,,,
25,25,,,,,,,,,,,,,,,,,,,,,,,,,,,,,,,,,,,,,,,,,,,,,,,,,,
26,26,,,,,,,,,,,,,,,,,,,,,,,,,,,,,,,,,,,,,,,,,,,,,,,,,,
27,27,,,,,,,,,,,,,,,,,,,,,,,,,,,,,,,,,,,,,,,,,,,,,,,,,,
28,28,,,,,,,,,,,,,,,,,,,,,,,,,,,,,,,,,,,,,,,,,,,,,,,,,,
29,29,,,,,,,,,,,,,,,,,,,,,,,,,,,,,,,,,,,,,,,,,,,,,,,,,,
30,30,,,,,,,,,,,,,,,,,,,,,,,,,,,,,,,,,,,,,,,,,,,,,,,,,,
31,31,,,,,,,,,,,,,,,,,,,,,,,,,,,,,,,,,,,,,,,,,,,,,,,,,,
32,32,,,,,,,,,,,,,,,,,,,,,,,,,,,,,,,,,,,,,,,,,,,,,,,,,,
33,33,,,,,,,,,,,,,,,,,,,,,,,,,,,,,,,,,,,,,,,,,,,,,,,,,,
34,34,,,,,,,,,,,,,,,,,,,,,,,,,,,,,,,,,,,,,,,,,,,,,,,,,,
35,35,,,,,,,,,,,,,,,,,,,,,,,,,,,,,,,,,,,,,,,,,,,,,,,,,,
36,36,,,,,,,,,,,,,,,,,,,,,,,,,,,,,,,,,,,,,,,,,,,,,,,,,,
37,37,,,,,,,,,,,,,,,,,,,,,,,,,,,,,,,,,,,,,,,,,,,,,,,,,,
38,38,,,,,,,,,,,,,,,,,,,,,,,,,,,,,,,,,,,,,,,,,,,,,,,,,,
39,39,,,,,,,,,,,,,,,,,,,,,,,,,,,,,,,,,,,,,,,,,,,,,,,,,,
40,40,,,,,,,,,,,,,,,,,,,,,,,,,,,,,,,,,,,,,,,,,,,,,,,,,,
41,41,,,,,,,,,,,,,,,,,,,,,,,,,,,,,,,,,,,,,,,,,,,,,,,,,,
42,42,,,,,,,,,,,,,,,,,,,,,,,,,,,,,,,,,,,,,,,,,,,,,,,,,,
43,43,,,,,,,,,,,,,,,,,,,,,,,,,,,,,,,,,,,,,,,,,,,,,,,,,,
44,44,,,,,,,,,,,,,,,,,,,,,,,,,,,,,,,,,,,,,,,,,,,,,,,,,,
45,45,,,,,,,,,,,,,,,,,,,,,,,,,,,,,,,,,,,,,,,,,,,,,,,,,,
46,46,,,,,,,,,,,,,,,,,,,,,,,,,,,,,,,,,,,,,,,,,,,,,,,,,,
47,47,,,,,,,,,,,,,,,,,,,,,,,,,,,,,,,,,,,,,,,,,,,,,,,,,,
48,48,,,,,,,,,,,,,,,,,,,,,,,,,,,,,,,,,,,,,,,,,,,,,,,,,,
49,49,,,,,,,,,,,,,,,,,,,,,,,,,,,,,,,,,,,,,,,,,,,,,,,,,,
50,50,,,,,,,,,,,,,,,,,,,,,,,,,,,,,,,,,,,,,,,,,,,,,,,,,,
51,51,,,,,,,,,,,,,,,,,,,,,,,,,,,,,,,,,,,,,,,,,,,,,,,,,,
52,52,,,,,,,,,,,,,,,,,,,,,,,,,,,,,,,,,,,,,,,,,,,,,,,,,,
53,53,,,,,,,,,,,,,,,,,,,,,,,,,,,,,,,,,,,,,,,,,,,,,,,,,,
54,54,,,,,,,,,,,,,,,,,,,,,,,,,,,,,,,,,,,,,,,,,,,,,,,,,,
55,55,,,,,,,,,,,,,,,,,,,,,,,,,,,,,,,,,,,,,,,,,,,,,,,,,,
56,56,,,,,,,,,,,,,,,,,,,,,,,,,,,,,,,,,,,,,,,,,,,,,,,,,,
57,57,,,,,,,,,,,,,,,,,,,,,,,,,,,,,,,,,,,,,,,,,,,,,,,,,,
58,58,,,,,,,,,,,,,,,,,,,,,,,,,,,,,,,,,,,,,,,,,,,,,,,,,,
59,59,,,,,,,,,,,,,,,,,,,,,,,,,,,,,,,,,,,,,,,,,,,,,,,,,,
60,60,,,,,,,,,,,,,,,,,,,,,,,,,,,,,,,,,,,,,,,,,,,,,,,,,,
61,61,421.419,550.828,392.039,597.903,380.143,597.997,424.375,648.121,471.443,601.018,412.602,597.801,456.69,647.922,480.163,600.95,397.875,718.776,383.171,718.785,386.027,833.351,365.345,930.545,412.709,718.763,430.124,821.677,406.594,909.932,412.554,542.109,424.27,539.149,388.915,550.895,0,0,433.118,942.366,436.018,930.627,389.158,915.807,403.76,951.134,386.034,954.01,356.651,942.307
62,62,421.377,550.905,389.171,597.946,374.338,597.98,415.605,650.953,468.516,609.742,412.458,597.916,444.904,651.033,477.311,612.681,394.901,718.811,383.098,721.544,386.039,833.349,365.399,930.65,412.551,718.791,421.348,830.381,389.114,912.925,412.551,545.012,424.268,544.94,388.869,550.876,0,0,427.266,945.252,427.264,933.507,383.182,921.779,406.638,951.18,388.937,954.084,359.469,945.295
63,63,424.291,550.969,389.138,597.97,374.31,597.991,412.546,653.903,465.499,618.554,409.716,597.948,439.033,659.733,474.313,618.509,392.063,721.539,383.079,721.545,386.146,833.355,365.422,930.694,412.466,718.792,412.688,830.551,386.13,918.776,412.608,547.838,424.322,544.999,388.878,550.874,0,0,415.459,942.358,412.636,930.706,377.275,927.556,403.736,951.224,386.167,954.11,359.523,948.154
64,64,421.414,550.986,389.115,597.98,374.255,598.009,409.502,656.833,459.783,621.51,409.692,597.955,439.05,662.74,468.454,621.365,392.005,721.581,383.076,721.588,386.198,833.345,365.338,930.53,409.721,721.556,412.483,833.303,374.315,915.888,412.576,547.858,424.291,545.021,388.882,550.891,0,0,409.629,942.352,409.482,933.463,362.578,927.519,403.662,951.262,386.061,954.097,356.618,942.33
65,65,421.424,551.032,389.097,598.004,374.268,597.995,406.689,659.828,459.635,621.6,409.618,598.021,439.044,662.732,468.474,621.44,391.919,721.613,383.017,721.625,386.092,830.544,362.616,930.454,409.633,721.583,409.487,833.286,365.492,918.818,412.591,547.893,424.305,545.039,388.874,550.88,0,0,406.637,945.261,403.715,933.604,347.809,927.62,406.641,951.256,388.945,954.102,353.647,939.377
66,66,421.419,553.735,389.113,598.027,374.269,598.041,406.62,662.677,456.72,624.359,409.628,598.028,436.229,665.597,465.606,621.511,389.068,721.623,377.288,721.626,385.977,833.28,365.581,930.632,409.463,721.603,394.941,830.537,359.529,918.805,412.591,547.923,424.359,547.823,388.887,550.866,0,0,394.875,942.329,394.848,933.499,341.778,927.602,409.658,954.002,392.022,954.154,359.583,945.273
67,67,424.307,553.763,389.101,598.063,374.279,598.086,403.738,665.588,456.575,624.469,409.601,598.071,439.01,665.565,465.486,621.568,389.033,721.639,380.169,721.652,385.898,833.326,365.628,930.69,406.626,721.62,388.975,833.333,356.602,912.923,412.633,547.958,427.2,547.846,388.949,550.854,0,0,389.069,939.409,388.988,930.581,339.042,924.7,409.631,954.005,394.849,954.165,362.353,948.119
68,68,427.205,553.737,389.075,598.034,377.182,598.102,397.885,668.454,453.67,624.628,409.531,598.011,436.126,665.621,462.577,624.448,388.985,721.633,380.229,721.657,383.162,833.321,365.607,930.572,403.695,721.605,386.19,833.277,353.651,910.066,412.701,547.935,427.257,547.828,389.03,550.844,0,0,386.103,936.441,386.058,927.714,339.022,924.672,409.523,951.223,392.016,954.057,359.619,942.306
69,69,427.282,553.739,389.084,598.04,377.241,598.091,392.074,668.55,450.79,630.394,409.514,598.029,436.076,665.668,462.693,627.383,388.919,721.659,380.212,721.67,385.914,830.524,365.583,930.449,397.862,721.668,386.132,830.495,353.643,912.975,415.455,547.927,430.096,547.818,389.089,550.837,0,0,389.083,939.417,388.948,930.615,339.003,927.562,409.554,951.197,392.038,954.02,359.522,939.364
70,70,430.139,553.702,389.139,598.031,383.015,598.103,388.865,668.651,442.024,645.156,409.515,597.967,412.47,665.589,456.774,645.083,386.082,721.646,383.161,724.501,386.085,830.504,365.43,927.647,388.981,721.622,377.194,830.388,353.688,924.681,415.501,547.899,430.119,545.061,389.15,550.871,0,0,397.842,948.221,394.887,942.343,338.947,930.672,409.53,954.009,391.996,954.114,353.669,933.627
71,71,430.196,553.719,389.163,598.057,383.141,600.807,386.055,668.719,447.89,651.043,409.495,597.988,409.561,665.729,456.722,650.985,383.173,721.666,383.161,724.544,386.176,830.45,365.534,927.661,385.936,721.606,365.435,827.555,347.856,924.677,415.542,547.935,430.178,547.876,389.169,550.906,0,0,389.153,945.322,389.059,945.242,338.895,930.683,409.599,954.008,394.847,954.138,359.514,936.465
72,72,430.259,553.755,391.975,598.114,383.109,600.872,385.977,668.735,441.949,665.71,409.645,598.009,409.717,665.583,459.557,656.795,383.065,718.789,380.204,721.62,388.883,827.598,365.551,927.591,383.151,718.731,365.341,827.518,344.931,924.636,415.589,547.986,430.24,547.92,391.939,551.011,0,0,389.076,945.33,388.983,945.319,338.822,930.67,409.619,954.01,394.845,954.143,359.524,933.605
73,73,433.034,553.739,392.014,600.846,383.119,600.858,383.086,671.585,444.903,671.603,409.693,600.822,409.651,668.532,456.702,668.65,380.12,721.563,380.171,721.638,388.863,830.414,365.556,927.574,377.256,718.791,362.615,830.397,344.952,924.68,418.475,547.951,430.269,547.963,394.914,551.024,0,0,389.061,948.197,388.976,948.23,338.857,930.708,409.599,954.035,392.006,954.161,359.524,933.576
74,74,433.142,553.764,394.882,600.893,385.955,600.894,371.424,671.684,436.158,674.578,409.705,600.865,406.647,668.658,450.808,677.489,374.34,718.791,377.249,721.573,386.205,830.475,365.54,927.555,371.392,718.752,362.622,830.398,344.935,927.498,424.279,547.975,433.103,550.734,397.88,553.727,0,0,389.077,948.238,388.993,948.276,338.843,933.507,409.625,954.018,392.016,954.156,359.517,933.558
75,75,433.223,553.719,394.898,600.926,386.032,600.953,368.463,674.465,436.021,680.4,409.648,600.842,400.8,668.657,450.759,680.36,374.302,718.721,377.256,718.789,386.189,827.604,365.562,927.555,371.326,718.682,362.626,827.544,344.945,924.692,427.206,547.896,433.127,550.859,403.649,553.691,0,0,389.102,948.18,389.009,948.228,338.85,930.71,409.632,954.031,392.02,954.161,359.535,933.544
76,76,433.24,551.001,397.832,600.992,386.061,601.006,368.444,671.661,433.066,692.04,409.731,600.904,409.541,668.642,456.649,683.361,374.255,718.644,374.282,718.688,386.153,827.536,365.559,927.544,371.383,718.624,365.327,827.541,344.946,924.649,427.225,547.874,433.154,550.832,403.652,553.727,0,0,389.037,948.212,388.963,948.246,338.851,930.695,409.583,954.051,391.982,954.175,359.534,933.551
77,77,433.262,551.006,397.874,600.996,386.098,600.968,368.503,671.684,433.182,692.105,409.736,600.94,409.524,668.742,456.603,689.1,374.257,718.742,374.243,718.795,386.18,827.577,365.581,927.581,371.415,718.709,365.333,830.4,344.906,927.485,427.264,547.885,433.179,550.862,403.692,553.733,0,0,388.998,948.254,388.936,951.02,338.829,933.502,409.589,954.059,391.99,954.187,359.552,933.589
78,78,433.272,550.982,400.805,600.982,386.128,600.985,374.342,671.692,435.987,692.203,412.501,600.909,409.638,668.591,456.577,686.283,374.241,718.687,371.349,718.728,386.165,827.555,365.587,927.572,374.291,718.659,362.631,827.56,344.888,924.7,427.276,547.863,433.204,550.78,403.71,553.734,0,0,388.989,948.202,386.143,948.3,338.817,933.465,409.597,954.056,391.99,954.185,359.561,933.583
79,79,433.278,550.956,400.798,601.037,386.119,601.048,383.013,674.496,436.139,692.294,412.515,600.924,409.714,668.499,456.641,686.242,371.357,718.676,368.46,718.705,386.172,827.554,365.589,927.553,374.249,718.658,362.603,827.565,344.874,924.729,427.265,547.841,433.229,547.998,403.654,553.751,0,0,388.985,948.171,386.126,948.272,338.82,933.496,409.585,954.042,391.991,954.161,359.561,933.552
80,80,435.966,550.965,403.669,601.085,386.158,601.09,383.138,674.528,436.217,692.271,412.52,600.975,409.674,668.499,456.602,683.378,368.48,718.75,368.385,718.78,386.175,827.551,365.6,927.519,371.338,718.742,362.6,830.381,344.895,924.719,427.3,547.876,433.25,547.941,403.684,553.82,0,0,388.992,948.138,386.137,948.209,338.837,930.733,409.586,954.011,391.992,954.123,359.569,933.495
81,81,435.988,550.991,403.757,603.842,386.195,603.881,385.961,677.4,439.009,692.219,412.578,600.987,412.462,665.717,456.674,683.283,368.503,718.754,365.581,718.788,386.155,827.57,365.602,927.539,374.314,718.75,362.618,827.596,344.907,924.717,430.099,547.942,433.294,547.974,403.755,553.917,0,0,389.004,945.328,388.933,948.16,338.844,933.468,409.6,953.999,392.011,954.117,359.566,933.53
82,82,435.998,550.999,406.62,603.832,388.971,603.875,386.084,677.519,439.044,692.183,412.616,600.958,412.695,665.666,456.791,677.51,368.459,718.707,368.354,718.759,386.14,827.588,365.6,927.574,371.346,718.683,362.565,824.629,344.87,924.653,430.123,547.952,433.302,550.684,406.575,553.893,0,0,389.022,945.294,386.147,945.312,338.828,930.708,409.609,954.009,392.035,954.128,359.564,933.587
83,83,436.053,553.695,406.673,603.839,389.138,603.83,386.189,677.446,439.09,692.074,412.596,601.005,415.614,665.574,456.829,677.411,368.364,718.737,365.591,718.789,386.104,830.386,365.616,927.661,368.391,718.708,362.569,827.478,344.855,927.475,430.175,547.975,436.06,547.999,406.604,553.885,0,0,389.038,948.158,388.944,948.208,338.82,933.51,409.657,954.065,394.857,954.218,359.593,936.488
84,84,436.081,553.726,406.719,603.982,392.007,603.949,388.944,680.374,441.978,692.087,412.593,603.854,418.423,665.617,459.644,674.61,365.552,718.733,365.519,718.783,386.079,830.411,365.607,927.683,365.552,718.698,362.538,824.652,344.874,924.665,430.181,550.724,436.074,547.987,406.641,553.982,0,0,389.06,945.286,388.954,945.304,338.835,930.707,409.674,954.035,394.876,954.199,359.589,936.505
85,85,436.095,553.734,409.466,606.851,391.985,606.849,389.134,683.361,450.811,689.27,412.694,603.948,424.271,665.587,459.729,671.674,365.54,718.8,365.498,721.596,386.072,830.433,365.594,927.683,365.579,718.762,362.553,827.504,344.841,924.71,430.19,550.727,436.06,547.963,406.629,554,0,0,388.989,945.308,386.105,945.299,338.794,933.462,409.663,954.017,394.882,954.183,359.585,936.507
86,86,436.148,553.784,409.458,609.729,397.801,609.787,391.981,686.317,456.628,689.166,412.563,606.779,427.191,665.583,462.697,671.528,365.404,718.808,365.482,721.662,386.099,830.439,365.603,927.651,362.547,718.71,362.549,824.639,342.09,924.604,430.227,550.81,436.133,550.669,406.699,556.832,0,0,388.964,942.362,386.064,942.353,336.065,930.646,409.641,951.287,394.869,954.14,359.586,936.432
87,87,436.165,553.851,409.488,609.81,400.726,615.589,403.686,689.221,459.74,686.297,412.547,606.834,430.105,665.665,465.543,668.737,362.571,718.757,362.619,721.589,386.129,830.426,365.602,927.644,362.472,718.675,362.534,827.487,342.052,924.661,430.246,550.893,436.118,550.68,406.723,559.68,0,0,388.976,945.304,386.079,945.329,336.016,930.71,409.666,954.059,394.844,954.212,359.587,936.422
88,88,436.236,553.955,409.56,612.702,403.741,618.498,406.709,689.282,462.628,683.368,412.616,606.784,436.204,668.486,477.357,668.51,359.584,718.759,362.579,721.635,386.162,830.402,365.589,927.58,350.721,718.637,362.532,827.482,342.055,924.67,433.005,551.033,436.12,550.802,409.499,565.577,0,0,388.944,945.246,386.042,945.275,336.025,930.733,409.631,951.267,394.852,954.118,359.571,933.588
89,89,436.279,556.739,409.561,615.653,406.628,621.423,409.493,692.099,465.509,683.281,412.54,606.861,439.018,665.63,480.18,668.47,359.472,721.592,362.5,724.562,388.882,830.399,365.569,927.559,347.783,718.722,362.538,827.544,342.077,924.642,433.031,553.771,436.112,550.876,409.549,568.563,0,0,388.975,945.238,386.061,945.26,336.028,930.705,409.615,951.249,392.044,954.097,359.526,933.567
90,90,439.073,559.719,409.543,618.49,409.443,621.471,409.648,695.083,465.573,680.402,409.687,609.8,447.864,668.477,483.083,665.631,353.688,721.668,362.535,727.477,388.957,830.372,365.516,927.522,341.961,718.784,362.574,830.382,342.091,927.542,433.133,553.922,436.165,551.003,409.648,571.5,0,0,388.997,948.2,386.112,951.021,336.025,933.606,409.629,954.007,392.038,954.132,356.665,933.53
91,91,439.059,562.679,409.58,618.533,409.546,621.527,412.556,695.18,468.482,677.451,409.666,609.778,450.734,665.619,480.361,665.589,350.709,721.665,362.465,727.448,389.019,827.599,365.514,927.517,341.819,721.54,362.562,827.603,344.871,927.478,433.125,556.749,436.204,553.775,409.656,574.293,0,0,389.065,948.154,388.922,948.221,336.057,933.493,409.625,954.005,392.054,954.11,356.648,933.506
92,92,439.022,568.491,409.592,618.607,409.611,621.656,415.473,695.24,471.43,674.543,409.615,612.638,447.876,662.681,480.347,662.67,347.817,727.437,362.396,733.327,389.093,830.376,365.519,927.501,339.092,721.65,365.341,830.444,344.877,924.714,433.102,556.872,436.233,553.99,409.619,574.35,0,0,389.068,948.132,388.919,948.169,336.063,933.468,409.622,954.004,394.87,954.097,356.647,933.463
93,93,439.064,571.381,409.561,618.643,409.622,624.422,418.426,698.07,471.43,674.506,409.487,609.748,442.031,656.81,480.241,662.695,344.976,727.535,362.363,736.21,389.147,827.596,365.513,927.483,339.042,724.496,362.578,830.48,344.898,927.529,433.146,559.74,439.044,556.751,409.635,574.406,0,0,389.029,948.176,386.115,948.228,336.071,933.523,409.572,954.013,392.043,954.085,356.629,930.718
94,94,439.046,571.412,409.6,621.471,409.638,624.501,424.315,698.162,477.212,671.715,409.596,612.72,447.871,659.744,483.09,653.92,344.929,730.43,359.577,736.278,389.165,830.42,365.511,927.499,339.026,724.547,362.637,830.534,344.879,927.543,433.13,559.776,439.021,556.82,409.634,574.428,0,0,389.045,948.184,386.143,948.24,336.064,933.545,409.568,954.032,392.049,954.103,356.62,930.73
95,95,439.065,571.473,409.596,621.502,409.623,624.532,427.288,698.166,477.324,671.688,409.63,615.618,450.858,659.771,483.1,650.989,344.881,730.424,359.515,736.268,389.177,830.428,365.519,927.516,338.997,724.547,362.635,833.312,344.875,927.609,433.127,562.651,439.076,559.745,409.609,574.469,0,0,389.028,948.214,386.133,948.28,336.054,933.621,409.584,954.012,394.845,954.104,356.621,933.469
96,96,439.033,571.464,409.591,621.46,409.611,624.509,430.167,698.106,480.154,671.616,409.621,612.715,447.877,651.005,480.366,651.048,344.863,730.396,359.48,736.229,389.178,830.433,365.512,927.522,338.993,724.534,362.626,830.553,344.885,927.586,433.094,562.649,439.007,559.711,409.588,574.475,0,0,389.051,948.174,386.157,948.233,336.07,933.592,409.584,954.007,394.854,954.097,356.617,933.479
97,97,439,571.419,409.541,621.427,409.607,624.503,430.251,698.078,480.179,671.6,409.485,609.769,444.982,648.146,480.348,648.177,344.84,727.532,359.497,736.194,389.151,830.41,365.524,927.562,338.944,724.507,365.34,833.29,344.869,927.61,433.061,559.794,436.24,556.877,409.558,574.445,0,0,389.037,948.193,386.148,948.261,336.061,933.632,409.579,954.033,392.055,954.121,356.638,933.528
98,98,438.997,571.386,409.513,618.619,409.602,624.505,433.018,698.067,480.245,668.739,406.653,606.78,441.998,648.002,480.23,648.015,344.824,727.512,359.484,733.402,389.136,830.434,365.513,927.579,338.93,724.489,362.63,833.298,344.843,927.575,433.061,559.752,436.247,556.838,409.554,574.409,0,0,389.019,948.186,386.111,948.226,336.041,933.57,409.571,954.018,392.051,954.112,356.636,933.538
99,99,439.006,571.39,409.476,618.563,409.624,624.46,433.101,695.262,480.198,668.651,403.752,603.917,441.937,645.166,480.308,648.06,344.805,727.468,356.678,733.345,389.112,830.433,365.521,927.588,338.923,721.68,365.338,833.301,344.853,927.641,433.056,559.779,436.241,556.832,409.563,574.447,0,0,389.012,948.195,386.125,948.266,336.046,936.453,409.562,951.28,392.056,954.091,356.647,933.569
100,100,436.215,565.636,406.653,618.555,409.634,624.492,433.193,695.244,480.19,668.459,397.85,603.816,442.037,645.002,480.156,644.996,342.081,727.44,359.487,733.323,389.079,830.456,365.52,927.605,338.899,721.672,365.344,833.35,344.867,927.687,430.247,556.872,436.133,553.982,409.487,574.392,0,0,389.023,948.228,386.154,951.035,336.055,936.502,409.603,954.031,394.852,954.14,356.653,933.581
101,101,436.118,562.677,406.62,618.503,409.57,624.421,435.983,695.058,480.228,662.732,397.828,603.812,442.021,639.174,480.19,642.136,344.84,727.488,359.542,733.349,389.086,830.468,365.518,927.617,338.917,724.502,365.367,833.37,344.883,927.696,430.135,556.795,435.99,553.892,406.715,574.359,0,0,389.057,948.26,388.949,951.077,336.068,936.519,409.612,954.062,392.058,954.174,356.644,933.597
102,102,433.287,559.75,403.744,615.642,406.727,621.627,436.19,692.255,480.306,653.914,394.926,601.072,436.056,627.426,477.242,633.346,344.925,727.51,359.602,733.366,389.098,830.481,365.493,927.621,338.997,724.512,365.399,833.396,344.92,927.702,424.356,553.99,433.075,553.738,406.63,574.269,0,0,389.111,948.243,388.994,951.056,336.077,936.51,409.599,954.033,392.052,954.153,356.608,933.592
103,103,433.11,559.678,403.751,615.609,409.5,621.578,442.042,689.223,480.348,647.982,394.874,601.034,433.183,621.593,468.522,624.612,347.774,727.443,362.4,733.304,389.155,830.505,365.52,927.63,339.05,721.685,365.488,833.402,344.927,927.646,418.464,553.956,430.107,553.755,403.677,571.517,0,0,389.073,948.198,388.95,948.301,338.786,936.431,409.581,954.029,392.042,954.141,356.632,933.598
104,104,433.017,556.799,400.821,615.599,409.543,621.566,453.656,686.235,480.367,644.941,389.117,600.996,439.081,621.65,477.212,621.443,347.862,724.598,362.518,730.455,392.038,830.508,365.574,927.575,339.045,721.653,368.369,833.444,344.965,927.632,415.504,553.862,424.387,551.008,394.877,571.461,0,0,389.152,945.304,389.063,948.188,336.091,936.417,409.633,954.051,394.949,954.139,356.645,933.538
105,105,424.31,556.862,397.87,615.57,409.527,621.415,459.68,671.663,483.142,624.484,389.02,601.087,444.958,624.449,477.229,606.868,353.7,727.463,362.625,733.314,394.961,833.276,365.513,927.526,341.885,721.693,371.368,833.43,347.825,927.531,412.556,553.92,418.388,551.013,391.967,571.481,0,0,391.896,945.294,389.131,945.281,338.827,933.543,409.627,954.022,394.909,954.089,353.734,933.482
106,106,418.388,556.85,397.859,615.645,409.69,621.458,465.532,668.567,480.331,618.591,386.09,603.94,436.025,630.345,468.524,603.873,356.661,727.506,365.459,733.366,400.804,830.5,365.531,927.506,341.93,721.705,374.325,833.347,350.757,924.725,409.723,553.883,415.468,551.014,389.073,571.462,0,0,391.944,945.307,391.93,945.266,338.863,933.459,409.608,954.06,394.896,954.097,353.72,930.728
107,107,415.521,556.731,400.808,612.635,409.645,618.51,477.337,650.968,480.12,603.897,388.983,603.863,436.237,624.398,465.491,597.957,359.619,727.503,365.597,733.361,406.616,830.512,365.593,927.489,344.817,721.7,377.262,833.356,350.792,924.69,409.605,553.814,415.456,550.93,388.976,571.434,0,0,391.949,942.398,391.938,942.374,338.894,930.699,409.658,954.049,394.943,954.089,356.579,930.704
108,108,412.652,556.828,400.727,606.86,409.577,612.702,480.31,644.923,477.193,589.092,389.045,603.839,442.033,618.513,456.826,580.278,362.496,730.378,368.404,733.386,409.529,833.282,368.469,927.551,347.841,724.536,383.05,833.384,353.676,924.681,409.476,553.889,412.624,551.016,386.129,571.53,0,0,389.176,939.443,389.071,939.487,338.941,930.653,409.696,954.022,397.789,954.08,359.518,933.448
109,109,412.449,553.968,394.907,609.72,409.513,606.844,483.286,627.366,462.647,571.517,388.907,606.779,456.741,621.567,459.66,574.51,362.649,730.428,371.349,736.204,409.69,833.42,371.314,927.52,353.728,727.436,383.167,833.481,356.586,924.7,400.808,553.843,409.631,550.908,383.031,574.301,0,0,391.951,942.408,391.986,945.289,338.951,930.63,412.445,954.066,397.813,954.091,359.546,930.673
110,110,409.657,556.821,392.046,606.848,406.615,603.988,483.269,615.563,459.675,568.49,386.151,603.958,474.29,618.494,456.653,574.35,365.455,733.386,374.303,736.324,412.517,833.451,371.397,927.492,359.575,730.429,385.938,833.562,353.712,924.735,394.939,553.935,409.56,551.003,377.249,574.405,0,0,389.157,942.385,389.066,945.303,338.931,930.623,409.692,954.06,394.957,954.057,359.595,930.613
111,111,409.591,556.772,392.038,603.987,403.77,603.908,486.166,600.959,459.532,553.977,388.969,603.916,471.405,603.892,456.579,565.572,365.5,733.384,377.245,736.327,412.6,833.515,374.267,927.513,359.615,730.42,383.128,836.467,353.686,927.632,392.07,553.873,409.505,550.956,377.176,574.359,0,0,389.163,948.279,391.945,951.085,338.901,930.722,412.437,954.168,397.801,954.171,359.605,930.607
112,112,409.552,556.834,392.017,606.788,406.655,603.887,483.313,595.033,453.755,550.876,386.109,606.779,480.136,597.985,444.943,553.832,368.363,733.408,383.047,736.32,412.719,833.537,374.343,927.504,362.461,733.3,385.894,839.273,350.795,927.642,391.994,553.944,409.461,551.008,374.325,574.366,0,0,389.035,951.059,389.011,951.09,338.908,930.703,409.716,954.151,397.806,954.152,362.441,930.598
113,113,409.493,554.002,392.012,603.939,406.722,601.007,486.113,583.269,453.725,547.982,385.986,606.859,480.239,592.115,450.792,553.768,368.442,733.365,385.928,736.265,415.491,833.512,377.23,927.515,362.467,730.455,385.936,836.534,350.744,927.624,391.926,553.863,406.724,550.813,371.351,574.415,0,0,388.974,948.269,388.967,951.061,338.898,930.7,412.455,954.177,397.878,954.181,362.493,930.622
114,114,406.62,550.999,392.031,601.058,406.693,600.805,483.264,577.35,453.745,542.013,386.04,603.97,480.25,583.319,444.907,550.969,371.373,727.529,386.075,730.471,415.512,833.381,377.178,927.521,362.56,727.454,385.947,836.259,353.644,927.473,389.034,550.985,403.741,544.971,371.344,574.374,0,0,389.058,948.191,389.07,948.25,338.943,930.625,412.484,954.231,397.886,954.237,362.459,930.68
115,115,403.719,550.811,392.017,598.066,406.713,597.86,483.171,574.566,444.968,530.399,386.089,600.885,474.286,580.363,444.896,547.946,377.263,721.691,388.9,724.557,412.617,833.309,374.338,927.687,365.426,721.642,385.882,833.499,350.783,927.537,388.973,550.801,403.711,539.092,371.326,574.257,0,0,388.974,948.195,388.931,948.192,338.949,930.705,412.515,954.19,400.733,954.265,362.48,936.414
116,116,406.601,544.982,392.032,597.837,409.629,594.917,483.082,565.642,444.938,527.257,385.95,597.962,480.236,574.269,444.96,530.32,380.233,718.737,389.108,721.553,409.722,830.435,371.333,927.613,365.45,718.687,383.134,830.456,356.562,921.727,389.059,544.991,403.774,533.257,374.25,568.589,0,0,391.995,945.246,391.997,945.235,338.98,930.482,412.529,954.133,400.795,954.201,359.562,933.543
117,117,397.849,536.214,391.962,586.213,409.51,580.371,483.212,556.745,453.797,524.394,383.165,589.161,433.144,577.303,442.048,530.284,383.179,715.751,391.942,718.555,409.489,821.731,368.488,927.622,365.615,715.698,383.038,824.569,359.473,921.676,388.882,536.143,394.929,530.295,371.396,562.65,0,0,392.054,945.338,394.912,945.249,339.111,930.477,412.448,954.14,397.815,954.199,359.538,933.617
118,118,397.815,527.458,389.171,577.306,409.518,574.484,483.078,553.711,453.737,506.784,380.184,577.487,439.056,559.766,442.013,515.587,386.031,709.807,394.962,712.673,406.575,815.842,377.178,924.637,368.443,709.754,380.202,812.905,359.536,910.073,386.177,530.188,394.902,524.359,374.31,550.944,0,0,389.14,942.33,391.924,939.369,341.874,927.514,409.572,954.092,394.879,954.025,362.568,930.602
119,119,400.822,527.37,389.161,574.4,409.578,571.545,480.332,550.769,447.826,500.871,380.182,574.558,430.246,550.788,436.145,500.877,386.075,701.039,400.759,703.947,394.888,815.741,374.275,924.627,368.444,700.97,374.343,809.999,362.391,907.153,389.054,527.383,397.91,521.506,380.116,547.978,0,0,394.92,945.283,0,0,341.996,924.63,409.583,954.231,397.875,954.149,362.529,930.655
120,120,403.687,527.241,389.092,571.44,409.627,565.588,480.164,533.337,456.647,486.128,374.355,574.421,421.419,542.033,436.236,497.928,386.146,698.057,406.558,698.116,391.971,812.861,377.201,924.629,368.467,697.997,380.126,809.837,362.501,907.128,389.113,527.251,400.81,521.383,374.354,544.962,0,0,400.798,945.306,403.694,936.454,344.834,924.606,409.641,954.251,403.69,954.176,362.615,930.658
121,121,403.751,527.268,389.074,568.55,409.552,562.628,471.372,530.165,465.603,477.317,377.249,571.484,433.038,521.455,439.134,480.211,386.132,695.242,406.547,698.038,389.166,812.873,377.23,918.833,368.45,695.196,380.135,809.879,362.544,907.133,389.105,527.231,406.598,512.722,377.228,542.046,0,0,406.605,948.228,406.545,936.521,344.844,924.608,409.65,954.219,403.692,954.119,365.377,930.527
122,122,406.567,527.227,389.156,568.528,409.498,562.719,462.63,509.727,474.326,453.77,383.139,568.536,436.078,497.944,456.611,436.26,386.119,695.228,403.664,698.034,389.064,812.826,377.238,921.769,368.497,695.149,380.147,809.845,362.541,907.036,389.129,527.23,403.757,521.434,380.113,542.032,0,0,403.684,948.128,0,0,344.849,921.732,409.657,954.23,403.659,954.167,365.382,930.622
123,123,406.567,527.227,389.085,568.571,406.721,562.699,447.816,506.866,462.579,439.094,380.138,571.514,424.282,506.721,456.618,447.846,386.092,698.037,400.784,698.13,388.969,812.865,377.225,921.755,368.482,695.218,380.117,809.882,362.552,907.033,391.897,527.246,406.632,518.568,380.197,542.084,0,0,397.842,945.254,0,0,344.851,921.693,409.706,954.211,400.77,954.157,365.368,930.592
124,124,403.674,524.378,389.17,574.28,406.722,565.609,436.137,503.842,459.566,436.058,383.03,577.284,442.02,503.728,459.586,438.996,386.145,698.121,400.764,701.032,386.143,815.769,374.248,927.477,371.377,695.246,374.322,810.014,362.511,907.141,389.08,527.185,400.744,515.561,383.05,542.112,0,0,403.75,948.136,403.719,939.409,344.814,924.594,409.602,954.164,400.8,954.132,362.539,933.485
125,125,406.579,524.409,389.123,574.37,406.616,565.617,436.041,509.664,456.638,439.051,383.033,577.43,430.253,618.573,0,0,386.153,701.018,400.765,703.963,386.127,815.725,365.473,915.856,371.387,698.095,371.419,812.712,362.462,909.935,389.133,527.217,403.754,515.556,383.012,544.996,0,0,406.675,951.253,400.797,948.141,341.972,924.63,406.566,957.003,394.906,954.132,353.663,927.727
126,126,406.637,527.328,389.117,574.403,406.636,568.561,436.005,506.711,453.81,438.992,383.061,577.419,439.083,500.824,453.766,447.825,386.08,703.993,394.942,709.797,386.135,815.859,368.377,927.55,371.327,701.044,368.429,812.811,359.549,910.059,391.903,527.373,406.586,521.381,383.056,547.929,0,0,397.846,948.179,397.84,942.301,341.848,927.576,409.564,954.147,397.791,954.165,359.536,936.437
127,127,406.662,527.367,389.06,574.543,403.712,571.449,433.208,512.659,453.733,444.913,380.203,580.269,439.038,506.677,450.79,456.63,386.085,712.664,397.82,712.776,386.128,818.744,365.485,924.677,368.525,709.765,368.374,812.93,359.461,912.966,391.93,527.382,406.655,521.41,383.044,548.003,0,0,394.964,948.159,394.895,942.303,339.105,927.63,409.472,954.03,394.87,954.023,353.712,930.717
128,128,406.559,530.28,388.942,577.368,397.894,574.369,433.033,521.468,450.831,459.558,377.205,580.364,424.329,536.187,441.998,471.432,386.119,712.745,400.731,715.571,386.153,818.729,365.479,924.672,371.307,709.858,365.557,812.915,356.607,912.956,391.913,530.241,403.753,527.32,380.219,548.007,0,0,397.838,948.142,394.908,939.37,339.072,927.601,409.506,954.017,394.944,954.011,356.585,930.69
129,129,406.574,530.4,388.889,577.464,400.797,574.34,430.271,524.375,450.78,462.563,371.408,583.312,430.243,533.319,436.25,480.151,386.11,712.788,400.722,715.594,386.11,821.689,365.531,927.595,368.516,712.702,365.421,815.829,353.664,921.747,391.941,530.365,403.765,530.277,380.208,550.85,0,0,394.932,948.191,392.019,942.328,339.013,930.561,409.548,954.094,394.913,954.153,359.483,936.422
130,130,403.683,530.44,388.914,577.508,397.87,574.392,433.128,512.672,453.65,459.749,374.32,586.214,433.074,530.252,439.083,480.142,386.105,715.575,400.728,715.646,386.109,824.636,365.483,927.641,368.515,712.75,365.472,815.891,350.796,924.638,389.115,530.432,400.837,530.386,377.277,550.971,0,0,394.925,948.146,391.96,942.307,338.98,930.638,409.545,954.049,394.872,954.142,356.623,936.466
131,131,400.736,530.412,386.159,580.29,392.033,574.406,433.066,515.551,453.779,459.69,371.415,589.142,433.198,524.325,447.838,465.506,386.065,712.823,397.799,715.649,386.097,824.582,365.477,927.565,368.49,712.746,365.451,815.82,353.662,921.75,389.034,530.432,397.799,530.401,377.219,553.711,0,0,392.088,945.22,391.978,936.45,338.982,930.571,409.598,953.998,394.912,954.094,353.741,933.6
132,132,397.843,530.433,386.156,580.302,392.029,574.411,433.061,512.64,453.714,459.793,371.4,589.128,430.168,527.267,442.014,480.166,386.069,715.584,397.879,715.657,386.073,824.639,365.411,927.625,368.462,712.788,365.484,818.693,356.626,924.679,389.001,530.442,394.859,530.349,377.194,553.721,0,0,403.709,951.102,397.859,945.274,339.003,930.728,409.535,954.14,394.873,954.216,350.769,936.439
133,133,394.968,530.431,386.182,580.294,391.928,574.414,430.202,515.556,450.804,462.567,374.317,586.25,427.309,527.284,441.968,477.314,386.077,715.593,400.727,715.649,386.038,824.643,365.387,927.605,368.473,712.805,365.389,818.72,356.599,924.623,388.943,530.441,394.928,530.288,374.273,553.787,0,0,403.703,951.107,397.824,945.276,338.987,930.681,409.516,954.139,394.869,954.204,350.749,936.408
134,134,394.865,530.406,386.13,577.494,389.076,574.411,430.232,515.608,453.661,459.755,374.309,583.327,430.188,521.47,447.86,477.209,386.044,715.614,397.807,715.681,386.04,824.624,365.379,927.571,368.459,712.821,365.457,818.713,353.733,924.63,386.162,530.444,397.804,530.254,371.399,553.806,0,0,403.693,951.104,397.789,945.284,338.937,930.689,409.51,954.122,394.884,954.17,350.723,933.588
135,135,391.985,530.395,386.078,577.495,388.986,574.429,430.13,518.465,447.864,459.792,371.402,586.176,430.171,518.562,444.92,477.28,386.05,715.6,394.931,715.678,386.062,824.58,365.376,927.531,368.512,712.807,365.52,815.834,353.723,921.786,386.1,530.445,392.018,530.21,371.312,553.804,0,0,403.683,951.066,397.828,945.232,338.917,930.666,409.537,954.091,394.879,954.148,350.715,933.568
136,136,391.939,530.414,386.013,577.452,388.999,574.371,430.198,512.659,444.884,459.703,368.519,583.31,430.107,515.554,444.985,474.322,386.035,715.597,394.955,715.684,386.053,821.693,365.414,927.537,368.458,712.802,365.415,815.771,350.783,921.742,386.096,530.439,394.843,530.222,368.507,553.783,0,0,394.976,948.193,394.896,942.339,338.894,930.615,409.578,954.061,394.879,954.14,353.655,933.58
137,137,391.891,530.368,386.042,577.477,388.97,574.434,430.17,512.639,442.019,459.64,371.4,583.296,430.219,512.685,447.898,468.493,386.024,715.588,394.911,715.68,386.032,824.567,365.414,927.547,368.456,712.782,365.427,815.839,350.727,921.718,386.031,530.42,391.928,530.169,368.498,553.791,0,0,394.915,948.158,392.008,939.446,338.874,930.589,409.562,954.034,394.862,954.121,353.67,933.575
138,138,391.915,530.331,386.044,577.479,388.97,574.446,430.132,512.589,442.032,459.654,374.245,583.275,430.225,512.682,444.974,468.511,386.018,715.59,394.86,715.69,386.022,824.587,365.405,927.55,368.469,712.786,365.441,815.834,350.727,921.709,386.046,530.373,391.983,527.415,368.492,553.784,0,0,394.882,948.181,392,942.314,338.873,930.581,409.519,954.036,392.036,954.112,353.663,933.569
139,139,389.155,530.381,386.019,577.485,388.92,574.42,430.119,512.595,441.939,459.66,371.401,586.154,430.163,518.498,442.032,477.235,386.035,715.565,394.897,715.654,386.012,824.617,365.4,927.546,368.484,712.771,365.458,815.883,347.882,924.591,385.999,530.417,391.896,527.468,368.418,553.813,0,0,394.931,948.203,392.002,942.361,338.852,930.655,409.505,954.033,392.032,954.108,353.662,933.571
140,140,389.132,530.386,385.993,577.464,386.194,574.391,427.288,512.643,439.136,459.734,374.242,583.298,430.126,524.349,442.013,480.191,386.032,715.564,394.877,715.653,385.999,824.617,365.392,927.555,368.491,712.771,365.422,818.706,347.84,924.621,385.975,530.419,391.921,527.49,368.359,553.801,0,0,394.896,948.249,391.988,945.266,338.834,930.672,409.475,954.046,392.02,954.115,353.668,933.564
141,141,389.108,530.42,386,577.442,386.175,574.43,430.119,509.763,439.101,459.787,374.292,583.215,430.16,521.431,442.001,477.242,386.004,712.824,392.053,715.665,385.988,824.641,365.4,927.566,368.464,712.771,365.407,818.767,347.821,924.641,385.957,530.45,391.913,530.234,365.59,553.818,0,0,394.872,948.252,391.977,945.29,338.828,930.69,409.475,954.049,392.023,954.123,353.677,933.576
142,142,389.067,530.425,385.966,577.439,386.157,574.427,430.171,509.765,442.048,462.535,374.306,580.431,427.317,521.49,439.15,477.224,385.967,715.603,392.025,715.71,385.977,827.495,365.417,927.582,368.413,712.808,365.397,821.619,347.795,924.618,385.923,533.181,389.092,530.259,365.583,553.811,0,0,392.04,948.206,391.94,945.286,338.829,930.665,409.486,954.046,392.034,954.124,353.709,933.59
143,143,389.066,533.232,385.922,577.513,386.104,574.482,427.255,512.651,439.091,462.548,374.275,583.315,430.122,521.455,441.982,477.282,385.973,715.592,392.007,715.699,385.954,827.515,365.428,927.588,368.441,712.799,365.376,821.627,347.775,924.572,385.936,533.23,391.901,530.371,365.563,553.829,0,0,392.068,948.176,391.961,945.254,338.828,930.619,409.498,954.034,394.859,954.115,353.733,933.597
144,144,389.078,533.262,385.902,580.31,386.106,574.472,421.419,521.394,436.204,462.577,371.376,589.111,430.242,521.51,444.922,477.301,385.963,715.611,392.006,715.715,385.964,827.536,365.439,927.612,368.423,715.556,365.392,821.692,344.976,924.636,385.955,533.257,389.126,530.425,365.583,553.848,0,0,392.068,948.18,391.939,945.288,338.812,930.661,409.496,954.032,394.871,954.116,353.748,933.61
145,145,389.058,533.242,383.139,580.277,386.106,574.419,421.403,518.48,436.125,462.567,368.498,589.148,430.162,521.448,444.902,477.325,385.963,715.594,392.017,715.689,385.965,827.517,365.431,927.583,368.413,712.817,365.384,821.677,347.753,924.599,385.918,533.256,389.042,530.334,365.551,553.854,0,0,392.051,948.161,391.938,945.26,338.818,930.63,409.497,954.015,394.86,954.097,353.729,933.574
146,146,389.032,533.202,383.164,577.522,386.128,574.375,424.354,512.682,436.184,459.79,368.491,589.102,430.181,518.496,444.905,474.394,385.957,715.585,392.022,715.678,385.951,827.553,365.407,927.587,368.398,712.813,365.364,821.713,347.757,924.608,383.142,533.231,389.044,530.319,365.558,553.83,0,0,392.075,948.189,391.932,945.299,338.821,930.631,409.48,954.03,394.851,954.104,353.701,933.569
147,147,389.029,533.188,383.155,577.505,386.097,574.384,421.394,515.593,436.056,459.716,368.498,586.241,433.059,518.494,450.755,477.201,385.944,715.596,391.968,715.691,385.94,827.534,365.423,927.567,368.415,712.819,365.371,821.72,344.958,924.603,383.147,533.217,389.106,530.333,365.571,553.803,0,0,392.046,948.148,389.108,942.384,338.811,930.623,409.476,954.012,394.873,954.076,353.735,933.552
148,148,389.023,533.185,383.142,577.522,386.102,574.402,421.359,512.634,435.99,459.636,368.471,589.095,430.26,512.609,450.82,471.448,385.942,715.611,391.959,715.705,385.936,827.549,365.406,927.571,368.418,715.567,365.375,824.566,344.974,924.617,383.126,533.218,389.121,530.388,365.559,553.817,0,0,392.071,948.156,391.936,945.248,338.814,930.633,409.483,954.017,394.872,954.085,353.705,933.555
149,149,389.002,533.235,383.07,580.271,386.069,574.443,424.334,509.785,436.12,459.647,368.41,589.118,430.108,512.594,447.91,468.444,385.938,715.622,391.946,715.716,385.942,827.544,365.4,927.556,368.417,715.578,365.378,824.57,344.962,924.608,383.111,533.266,389.03,533.192,365.554,553.818,0,0,392.045,948.143,389.112,942.369,338.809,930.624,409.476,954.005,394.865,954.07,353.7,933.539
150,150,388.901,533.232,385.913,580.411,385.979,577.342,424.288,518.478,436.125,459.793,374.319,589.174,427.248,518.557,444.941,471.39,385.931,715.623,389.144,715.719,385.943,827.505,365.442,927.568,368.471,715.569,365.34,821.717,344.904,921.776,380.189,533.263,389.039,536.18,365.51,553.78,0,0,389.179,945.233,389.024,939.408,336.08,930.57,409.537,951.28,394.879,954.069,356.608,933.538
151,151,388.993,533.235,385.914,580.376,386.001,577.278,427.2,512.672,436.121,462.571,374.287,589.185,430.153,518.503,444.936,471.392,385.917,715.609,389.121,715.694,385.985,824.649,365.457,927.566,368.469,715.553,365.373,821.682,344.919,921.78,383.067,533.267,391.976,536.141,365.575,553.754,0,0,391.904,945.262,389.042,939.418,338.788,930.574,409.571,951.286,394.883,954.088,356.624,933.538
152,152,388.929,533.246,383.113,580.404,385.969,577.266,421.384,521.43,436.186,465.491,371.332,592.136,427.235,524.31,444.901,477.276,385.91,715.621,389.114,715.702,385.991,824.608,365.444,927.586,368.459,715.575,365.358,821.662,344.898,924.588,380.218,533.242,389.092,533.233,365.48,553.742,0,0,389.167,945.246,389.027,939.461,336.064,930.612,409.562,953.994,392.05,954.096,356.613,933.565
153,153,388.931,533.233,383.129,580.347,385.996,574.562,424.316,521.406,436.068,462.643,371.363,589.167,430.17,521.403,447.9,477.252,385.895,715.63,389.085,715.712,385.968,824.662,365.432,927.593,368.457,715.581,365.364,824.565,344.905,924.639,380.218,533.237,388.985,533.189,365.507,553.718,0,0,391.908,945.31,389.08,942.347,336.057,930.655,409.571,954.013,394.851,954.118,356.597,933.573
154,154,388.993,533.231,385.905,580.366,385.975,577.3,421.417,521.489,436.006,462.59,374.331,589.121,430.199,521.495,450.833,477.358,383.182,715.636,389.076,715.713,385.936,827.504,365.439,927.629,368.457,715.581,365.34,824.561,344.944,924.607,383.037,533.241,389.05,533.175,365.52,553.713,0,0,391.909,945.31,389.034,939.478,338.788,930.618,409.57,954.035,394.854,954.141,356.599,933.615
155,155,389,530.414,385.93,580.27,386.016,574.517,424.37,518.524,433.235,459.749,374.339,586.175,433.04,521.434,456.562,477.259,383.173,715.628,389.104,715.713,385.942,827.487,365.434,927.634,368.412,715.567,365.326,821.723,344.927,924.613,383.04,533.181,389.047,530.37,365.57,550.987,0,0,391.903,945.307,389.022,939.471,338.788,930.62,409.563,954.031,394.86,954.134,356.596,933.625
156,156,389.062,533.239,386.037,580.272,386.079,574.532,427.243,515.553,433.131,459.639,380.147,583.274,433.081,524.428,456.602,480.198,383.18,715.628,389.099,715.721,385.946,824.634,365.434,927.627,368.431,715.556,362.663,821.717,344.874,924.674,383.145,533.249,394.862,533.186,368.403,553.703,0,0,389.162,945.332,389.057,945.249,336.046,930.685,409.576,954.045,394.849,954.156,356.594,933.618
157,157,389.133,533.301,386.129,580.357,386.091,577.302,421.374,521.395,433.028,459.586,383.145,586.211,436.048,524.382,459.69,474.402,385.906,715.642,389.101,715.746,385.943,824.657,365.431,927.615,368.471,715.573,362.659,824.581,344.865,924.688,385.963,533.287,397.806,533.3,368.384,553.766,0,0,389.159,945.317,389.059,945.246,336.051,930.698,409.582,954.029,394.856,954.139,356.592,933.608
158,158,391.898,536.174,386.164,580.376,386.079,577.373,418.401,521.415,430.26,459.604,386.043,586.166,439.021,527.305,459.776,480.157,385.9,715.661,389.088,715.767,385.937,827.482,365.428,927.616,368.471,715.589,365.328,824.567,344.875,924.678,385.973,533.349,0,0,365.597,553.759,0,0,389.178,945.319,389.05,942.415,336.055,930.689,409.591,954.034,394.866,954.146,356.591,933.61
159,159,391.964,539.116,388.918,583.242,386.106,577.498,415.498,524.349,430.219,459.767,388.997,586.25,441.954,530.291,462.702,480.116,385.897,715.687,389.068,715.797,385.924,827.507,365.424,927.593,368.488,715.612,365.356,824.562,344.906,924.632,386.059,536.216,0,0,368.449,553.746,0,0,389.182,945.296,389.053,942.335,336.077,930.642,409.566,954.012,394.862,954.115,356.583,933.584
160,160,394.959,536.215,389.012,583.294,386.144,580.297,412.717,527.266,430.142,465.528,394.852,589.127,444.979,539.1,465.503,486.128,385.9,715.704,389.081,715.815,385.923,827.538,365.432,927.596,368.475,715.629,365.333,824.62,344.899,924.664,388.922,536.133,0,0,371.372,553.767,0,0,389.177,945.315,389.045,942.382,336.078,930.671,409.573,954.022,394.876,954.125,356.597,933.592
161,161,400.782,533.292,389.03,583.263,386.106,580.267,415.525,530.17,427.23,468.533,394.91,586.216,453.791,542.081,474.32,486.179,385.935,715.69,389.104,715.802,385.932,827.535,365.433,927.586,371.304,715.612,365.371,824.614,344.946,924.649,389.042,533.252,409.604,530.316,374.31,550.998,0,0,391.971,945.33,389.109,942.343,338.805,930.656,409.579,954.022,394.91,954.12,356.587,933.59
162,162,397.798,533.195,389,583.279,386.129,580.272,418.403,530.348,430.129,477.283,391.951,586.241,456.702,547.923,474.305,492.043,385.957,715.673,389.15,715.792,385.927,827.563,365.423,927.621,371.316,715.596,365.377,824.632,344.957,924.688,388.907,533.215,394.927,533.23,374.276,551.006,0,0,392.003,948.138,389.119,942.367,338.804,930.689,409.588,954.043,394.908,954.145,353.739,933.613
163,163,409.608,542.1,389.098,589.119,386.085,580.393,418.433,536.126,430.145,480.224,400.816,592.089,456.787,553.969,474.406,506.89,385.958,715.722,389.106,718.55,385.947,827.532,365.406,927.608,371.351,715.65,365.373,824.621,344.96,927.502,397.883,539.107,412.459,533.282,383.09,551.007,0,0,392.039,948.185,391.94,945.276,338.797,933.515,409.573,954.026,394.874,954.135,353.704,933.621
164,164,409.687,547.997,389.095,589.139,386.07,580.392,415.493,550.786,430.225,495.009,403.729,592.081,459.575,568.479,477.322,524.371,386.003,715.715,389.087,715.818,385.91,827.602,365.358,927.604,374.302,715.659,365.5,827.552,347.857,927.548,400.827,544.989,0,0,383.151,553.884,0,0,397.844,948.283,392.007,945.279,338.829,933.582,409.49,954.035,394.849,954.126,350.769,933.627
165,165,412.528,550.876,389.02,589.172,389.038,580.34,421.415,559.69,427.284,521.498,388.996,594.952,462.54,577.335,480.263,536.216,386.057,715.711,389.158,715.815,385.916,830.485,362.595,927.568,377.205,715.649,368.405,827.597,353.682,924.717,406.664,547.884,412.714,545.022,385.967,553.868,0,0,403.681,951.014,394.846,942.372,338.895,933.494,406.678,951.26,392.038,954.038,347.802,933.595
166,166,412.579,550.803,389.158,595.021,386.026,592.033,412.651,574.533,433.197,530.183,406.59,597.873,468.457,589.157,480.355,547.983,386.157,715.77,389.106,718.564,383.158,830.485,362.581,927.624,383.148,715.71,377.266,830.39,356.593,924.61,409.509,545.016,412.519,547.854,386.203,553.847,0,0,403.713,948.19,394.892,939.395,338.921,930.634,406.71,951.267,394.859,954.058,344.931,933.628
167,167,415.601,550.955,394.969,594.996,383.079,589.139,397.796,612.674,421.347,571.541,412.642,597.917,465.529,598.066,483.175,571.434,389.141,715.688,386.152,715.718,385.981,827.554,365.441,927.75,400.733,715.727,388.951,830.381,350.769,924.588,409.685,547.885,421.402,547.885,386.176,553.752,0,0,392.056,939.444,391.953,933.546,338.907,930.502,409.526,951.21,392.024,954.056,353.725,939.361
168,168,430.158,550.95,406.594,592.099,386.154,589.112,389.125,624.597,427.32,583.338,418.502,595.082,453.776,618.631,483.153,597.856,392.019,715.731,386.098,715.699,385.997,830.402,365.513,930.617,409.473,715.803,400.829,830.439,353.681,921.661,418.391,547.877,433.056,547.944,397.83,550.913,0,0,391.987,939.428,391.97,933.495,338.957,927.667,409.589,954.038,391.972,954.2,359.477,945.251
169,169,433.242,550.9,409.424,597.885,388.975,597.807,389.014,645.013,430.205,612.669,418.49,597.955,450.754,636.289,483.341,612.679,392.017,718.536,385.966,715.782,386.041,830.443,365.336,930.557,409.602,718.623,412.576,827.513,359.555,912.947,427.244,545.034,433.159,550.829,403.755,550.993,0,0,394.918,939.38,394.843,930.636,339.083,927.539,406.715,953.985,389.051,954.139,353.648,942.323
170,170,436.091,550.955,409.565,597.973,391.947,597.936,386.161,651.077,436.134,627.439,418.493,597.994,421.395,653.97,456.719,642.113,392.05,715.827,386.018,715.769,386.134,830.41,362.52,927.528,409.582,718.61,415.601,824.594,365.436,907.146,430.237,547.82,436.102,547.863,406.712,551.012,0,0,403.694,936.476,400.765,930.558,344.936,921.74,409.487,951.19,389.016,951.299,347.78,933.472
171,171,442.069,550.927,409.742,598.104,397.846,598.055,388.902,668.493,442.056,650.986,427.26,600.799,412.661,662.71,462.559,656.808,397.789,718.612,386.132,718.561,388.896,830.435,362.588,927.645,409.672,718.684,424.314,818.775,383.02,904.187,436.086,544.949,0,0,412.576,550.905,0,0,409.497,939.432,406.726,930.649,368.359,912.863,400.827,951.218,386.064,954.032,353.677,936.433
172,172,456.541,551.027,412.718,600.895,406.666,598.044,388.992,668.681,456.618,674.461,433.033,601.049,418.506,668.664,462.68,674.502,400.821,718.635,386.16,718.538,386.156,830.46,362.551,927.737,412.557,718.754,430.214,812.97,388.915,903.94,441.955,547.855,453.779,550.692,421.332,551.001,0,0,415.556,936.422,415.61,930.439,383.075,906.983,403.649,951.009,386.029,951.223,353.706,936.532
173,173,456.73,553.765,421.34,600.985,409.665,600.903,391.947,674.533,459.677,695.054,433.174,600.966,424.331,671.445,462.583,695.177,406.593,718.789,388.975,718.73,386.186,830.485,362.615,930.526,415.461,721.586,436.044,812.946,403.679,907.065,447.853,547.928,456.703,550.792,424.378,551.009,0,0,433.267,933.617,435.978,927.715,389.039,912.916,406.611,951.142,386.114,954.033,356.569,942.29
174,174,459.536,553.7,430.146,601.002,412.605,600.895,403.757,671.739,456.725,709.834,436.129,601.005,433.154,671.675,459.623,712.655,409.503,721.62,389.137,721.563,388.922,830.459,365.33,930.549,418.427,721.654,441.969,812.795,412.605,909.918,450.851,547.869,456.727,547.875,430.104,553.703,0,0,453.809,930.688,453.667,927.648,406.635,921.732,409.56,953.996,389.031,954.178,353.738,942.361
175,175,465.573,553.849,433.22,603.82,424.281,600.906,409.551,674.529,459.753,718.551,439.158,603.903,433.214,677.458,459.656,718.705,409.738,724.556,394.881,721.712,388.978,833.272,365.363,930.588,427.244,727.436,444.944,812.815,433.24,907.169,459.541,550.797,0,0,436.015,553.932,0,0,477.345,927.608,474.302,924.591,418.481,924.646,406.696,951.125,388.99,954.063,356.598,945.278
176,176,480.099,553.839,436.123,603.981,433.087,601.083,415.594,680.349,468.495,721.651,444.912,606.862,436.082,680.336,459.67,724.518,412.621,724.604,403.647,724.542,389.131,833.325,365.4,930.63,430.257,727.463,453.722,812.909,453.7,909.917,462.68,550.758,477.268,547.937,439.079,553.88,0,0,492.012,924.586,483.256,915.807,439.005,924.699,409.631,951.262,391.96,954.205,353.711,948.158
177,177,480.339,553.926,442.021,606.769,436.11,603.946,433.061,683.286,480.112,724.559,453.683,603.967,439.069,677.46,465.568,724.586,415.553,727.48,409.534,727.451,391.914,833.501,365.432,930.656,433.084,727.507,456.696,813.006,462.604,909.929,474.34,550.852,480.275,550.802,450.754,556.719,0,0,506.75,910.053,503.687,907.144,456.739,927.568,409.611,951.213,391.944,954.156,356.558,945.31
178,178,483.358,556.891,453.776,612.635,450.806,606.797,439.087,683.311,486.088,727.516,456.727,615.575,450.775,683.323,462.629,715.821,430.108,730.378,412.575,727.48,397.839,833.398,365.451,930.565,436.167,730.441,459.703,812.981,480.266,907.044,480.211,553.776,0,0,456.636,562.682,0,0,524.333,907.026,512.677,904.147,474.353,924.702,409.651,951.163,391.944,954.082,356.556,942.349
179,179,497.956,562.626,459.554,609.745,456.835,612.665,456.706,689.212,497.956,730.463,459.568,606.834,456.765,683.306,477.307,721.698,433.098,730.471,418.474,733.313,403.739,833.318,365.479,930.499,439.053,730.443,468.49,812.897,489.152,906.966,486.144,553.871,0,0,465.553,559.74,0,0,530.399,903.942,527.369,901.055,483.308,927.502,409.517,951.144,389.079,954.027,356.584,939.405
